west,south,east,north
348.0000000000000000,33.0000000000000000,71.0000000000000000,75.0000000000000000